{"cameraMode":{"drawMode":0,"name":"Shaded","section":"Shading Mode"},"sceneLighting":false,"audioPlay":false,"sceneViewState":{"showFog":true,"showMaterialUpdate":false,"showSkybox":false,"showFlares":true,"showImageEffects":true,"showParticleSystems":true},"in2DMode":false,"pivot":{"x":13.421460151672364,"y":0.36024969816207888,"z":6.908064842224121},"rotation":{"x":-0.12929610908031465,"y":-0.5934284329414368,"z":0.09699055552482605,"w":-0.7887610793113709},"size":5.774658203125,"orthographic":false}